INSERT INTO product_sprint_two.type_product (id, name_type_product) VALUES (1, 'Bia và Nước');
INSERT INTO product_sprint_two.type_product (id, name_type_product) VALUES (2, 'Snack và Bánh');
INSERT INTO product_sprint_two.type_product (id, name_type_product) VALUES (3, 'Hóa mỹ phẩm');
INSERT INTO product_sprint_two.type_product (id, name_type_product) VALUES (4, 'Gạo và Thực phẩm khô');
INSERT INTO product_sprint_two.type_product (id, name_type_product) VALUES (5, 'Thực phẩm dinh dưỡng');
INSERT INTO product_sprint_two.products (id, bonus_sale, brand_product, detail_product, flag_product, img_product, ingredient_product, instruction_product, manufacture_product, name_product, preservation_product, price_product, quality_product, release_date, type_product_id, total_sold) VALUES (1, 0.01, 'Larue', 'Bia Larue lần đầu tiên được sản xuất vào năm 1909 bởi một nhà nấu bia người Pháp tên Victor Larue. Đây là sản phẩm của sự hòa quyện tinh tế. ', 0, 'https://down-vn.img.susercontent.com/file/vn-11134201-23030-rsxy6576z7nv59', 'nước, hoa bia, ngũ cốc, đại mạch, hương trái cây tổng hợp', 'Sản phẩm dành cho người trên 18 tuổi,Không dành cho phụ nữ mang thai.', 'Larue', 'Thùng 24 lon bia Larue 330ml/lon', 'Bảo quản nơi sạch sẽ, khô ráo, thoáng mát, tránh ánh nắng mặt trời.', 280000, 143, '2023-02-18', 1, 57);
INSERT INTO product_sprint_two.products (id, bonus_sale, brand_product, detail_product, flag_product, img_product, ingredient_product, instruction_product, manufacture_product, name_product, preservation_product, price_product, quality_product, release_date, type_product_id, total_sold) VALUES (2, 0.05, 'Heniken', 'Thông tin sản phẩm:-Dung tích: 330ml/ lon.-Thành phần: nước, hoa bia, đại mạch.-Nồng độ cồn: 5%.Ngoài nước, đại mạch và hoa bia thì ‘thành phần’ đặc biệt và cũng là yếu tố chính tạo nên hương vị bia đặc biệt hoàn hảo của Heineken đó chính là men A-Yeast®. Với quá trình ủ bia trong bồn ngang trong 28 ngày nhằm mang đến áp suất hoàn hảo cho men Heineken A-Yeast® đạt ngưỡng tuyệt hảo, và tạo ra hương vị bia tuyệt hảo, cân bằng và êm dịu nhất. Ưu tiên hàng đầu của Heineken luôn rõ ràng: chất lượng tuyệt hảo đặt lên trên hiệu quả kinh tế.', 0, 'https://product.hstatic.net/200000078749/product/ia_heineken_silver_lon_loc_6x330ml-01_94f78d9409794e90acb904494f21fa11_7538b3a7b9d8489f8a29aaa1f86429c3.jpg', 'nước, hoa bia, men A, đại mạch,', 'Bia được uống trực tiếp trong lon hoặc đổ ra ly, ngon hơn khi uống lạnh, tốt nhất ở 10°C - 15°C', 'Heniken', 'Thùng 24 lon bia Heineken 330ml/lon', 'Bảo quản nơi sạch sẽ, khô ráo, thoáng mát, tránh ánh nắng mặt trời.', 485000, 0, '2023-01-18', 1, 70);
INSERT INTO product_sprint_two.products (id, bonus_sale, brand_product, detail_product, flag_product, img_product, ingredient_product, instruction_product, manufacture_product, name_product, preservation_product, price_product, quality_product, release_date, type_product_id, total_sold) VALUES (3, 0.06, 'Huda', 'Huda là dòng bia biểu tượng của miền Trung Việt Nam.', 0, 'https://down-vn.img.susercontent.com/file/ee6826544815294707f0868cabe24f6e', 'Nước, đại mạch, gạo, hoa bia', 'Không dành cho người dưới 18 tuổi & phụ nữ có thai ,không dùng thức uống này khi tham gia giao thông', 'Huda', 'Thùng 24 lon bia Huda 330ml (330ml/lon)', 'Bảo quản nơi khô ráo và thoáng mát', 220000, 4, '2022-02-26', 1, 1541);
INSERT INTO product_sprint_two.products (id, bonus_sale, brand_product, detail_product, flag_product, img_product, ingredient_product, instruction_product, manufacture_product, name_product, preservation_product, price_product, quality_product, release_date, type_product_id, total_sold) VALUES (4, 0, 'Sting', 'Được ra đời 2003, Sting - một sản phẩm nước tăng lực chất lượng của Tập đoàn PepsiCo.', 0, 'https://down-vn.img.susercontent.com/file/5833b374828c79add34a62087b93007b', ' Nước bão hòa CO2, đường mía, chất điều chỉnh độ a-xít (330, 331iii),', 'Dùng trực tiếp, ngon hơn khi ướp lạnh, hoặc dùng với đá', 'Sting', 'Thùng 24 Chai Nước Tăng Lực Sting Dâu (330ml/chai)', 'Bảo quản nơi sạch sẽ, khô ráo thoáng mát, tránh ánh nắng mặt trời.', 150000, 1, '2023-07-18', 1, 719);
INSERT INTO product_sprint_two.products (id, bonus_sale, brand_product, detail_product, flag_product, img_product, ingredient_product, instruction_product, manufacture_product, name_product, preservation_product, price_product, quality_product, release_date, type_product_id, total_sold) VALUES (5, 0.03, 'Tiger', 'Tiger Crystal là dòng bia mới của Tiger Beer. Điểm độc đáo của bia Tiger Crystal là được sản xuất theo quy trình Cold Suspension. Từng dòng bia được tinh lọc với kỹ thuật làm lạnh sâu đến -1C (Crystal Cold), hoa bia được tinh chế đặc biệt giúp lưu giữ trọn vẹn hương vị tuyệt hảo của bia. Nhờ vậy, Tiger Crystal không chỉ đạt đến chất lượng hàng đầu thế giới như truyền thống của Tiger Beer mà còn mang đến cảm giác thật sảng khoái và rất dễ uống.', 0, 'https://down-vn.img.susercontent.com/file/sg-11134201-22120-87kv7dzjydlvae', 'Thành phần bia: Nước, đại mạch, ngũ cốc, hoa bia.', 'Thưởng thức có trách nhiệm, đã uống đồ uống có cồn thì không lái xe.', 'Viet Nam', 'Nồng độ cồn 4.6% - Thùng 24 lon bia Tiger Crystal 330ml/lon', 'Bảo quản nơi sạch sẽ, khô ráo, thoáng mát, tránh ánh nắng mặt trời.', 600000, 105, '2023-09-10', 1, 78);
INSERT INTO product_sprint_two.products (id, bonus_sale, brand_product, detail_product, flag_product, img_product, ingredient_product, instruction_product, manufacture_product, name_product, preservation_product, price_product, quality_product, release_date, type_product_id, total_sold) VALUES (6, 0.02, 'Rivive', 'KHÔNG CHỈ MẤT NƯỚC, BẠN CÓ THỂ MẤT SỨC DO VẬN ĐỘNG. Đừng để cuộc vui gián đoạn vì mất nước, mất sức khi bạn đổ mồ hôi. ', 0, 'https://down-vn.img.susercontent.com/file/sg-11134201-22110-2wz8oclv70jv97', 'Nước bão hòa CO2, đường sucrose và dextrose, chất điều chỉnh độ axít (330)', 'Đã khát và sảng khoái, bù nước và bù sức nhanh, cho bạn nhanh chóng trở lại cuộc vui năng động', 'Viet Nam', 'Thùng 24 Chai Nước Giải Khát Revive (500ml/chai)', 'Bảo quản nơi khô mát, tránh nắng, tránh mùi mạnh và hoá chất', 185000, 75, '2023-03-11', 1, 31);
INSERT INTO product_sprint_two.products (id, bonus_sale, brand_product, detail_product, flag_product, img_product, ingredient_product, instruction_product, manufacture_product, name_product, preservation_product, price_product, quality_product, release_date, type_product_id, total_sold) VALUES (7, 0, 'TEA+ Plus', 'Trà Ô Long TEA+ Plus là sản phẩm mang thương hiệu Suntory đầu tiên được ra mắt tại thị trường Việt Nam từ tháng 8 năm 2013. Được sản xuất trên quy trình công nghệ hiện đại, thông qua quy trình kiểm duyệt chặt chẽ, không có đường hóa học, không chứa hóa chất độc hại, đảm bảo an toàn cho người sử dụng.', 0, 'https://down-vn.img.susercontent.com/file/vn-11134207-23010-ge67tdyrgamvbe', 'Nước, đường, trà ô long 7,52 g/1 (OTPP được trích ly tối thiểu 155mg/l), hương giống tự nhiên, chất chống oxy hóa (300), chất điều chỉnh độ axit (500ii)', ' Dùng trực tiếp, ngon hơn khi ướp lạnh, hoặc dùng với đá', 'Viet Nam', 'Thùng 24 Chai Trà Ô long Tea+ Plus (320ml/Chai)', 'Bảo quản nơi sạch sẽ, khô ráo thoáng mát, tránh ánh nắng mặt trời.', 165000, 32, '2023-01-06', 1, 23);
INSERT INTO product_sprint_two.products (id, bonus_sale, brand_product, detail_product, flag_product, img_product, ingredient_product, instruction_product, manufacture_product, name_product, preservation_product, price_product, quality_product, release_date, type_product_id, total_sold) VALUES (8, 0.15, 'Trà Không Độ', 'Sản phẩm được sản xuất dựa trên dây chuyền công nghệ hiện đại Nhật Bản, hoàn toàn khép kín và khử trùng cao nên đảm bảo an toàn sức khỏe cho người sử dụng.', 0, 'https://down-vn.img.susercontent.com/file/vn-11134207-7qukw-lfpmp3woqnb8ce', 'Nước, đường, fructose, trà xanh, vitamin C, hương chanh tự nhiên, chất điều chỉnh độ chua.', 'Dùng trực tiếp, ngon hơn khi ướp lạnh, hoặc dùng với đá', 'Tân Hiêp Phát', '1 Lốc ( 6 Chai ) Trà Xanh Không Độ 500ml', 'Bảo quản nơi khô mát, tránh nắng, tránh mùi mạnh và hoá chất', 188000, 91, '2022-10-18', 1, 106);
INSERT INTO product_sprint_two.products (id, bonus_sale, brand_product, detail_product, flag_product, img_product, ingredient_product, instruction_product, manufacture_product, name_product, preservation_product, price_product, quality_product, release_date, type_product_id, total_sold) VALUES (9, 0, 'Coca Cola', 'Lốc 6 Lon Nước Giải Khát Coca-Cola vị Nguyên Bản Original Lon 320ml là loại nước ngọt được nhiều người yêu thích với hương vị thơm ngon, sảng khoái. Lốc 6 lon nước ngọt Coca Cola 320ml chính hãng nước ngọt Coca Cola với lượng gas lớn sẽ giúp bạn xua tan mọi cảm giác mệt mỏi, căng thẳng, đem lại cảm giác thoải mái sau khi hoạt động ngoài trời.', 0, 'https://down-vn.img.susercontent.com/file/vn-11134207-7r98o-ll2zyr55sr8dd7', 'Các sản phẩm nước ngọt Coca cola có thành phần chính bao gồm: Nước bão hòa CO2, đường HFCS, đường mía, màu tự nhiên (caramen nhóm IV), chất điều chỉnh độ acid, hương cola tự nhiên và caffeine.', 'Ngon hơn khi uống lạnh', 'Cocola', 'Coca-Cola vị Nguyên Bản Original Lon 320ml', 'Bảo quản nước ngọt ở nơi khô ráo thoáng mát, tránh ánh nắng trực tiếp', 180000, 42, '2023-08-29', 1, 19);
INSERT INTO product_sprint_two.products (id, bonus_sale, brand_product, detail_product, flag_product, img_product, ingredient_product, instruction_product, manufacture_product, name_product, preservation_product, price_product, quality_product, release_date, type_product_id, total_sold) VALUES (10, 0.06, 'Vinamilk', 'Thùng sữa Vinamilk bịch loại có đường 220 ml được sản xuất trong quy trình khép kín, kiểm tra chặt chẽ và an toàn.', 0, 'https://down-vn.img.susercontent.com/file/vn-11134207-7r98o-ll3ocrad3umg4d', 'Thành phần Sữa bò tươi (95,9%), đường tinh luyện (3,8%), chất ốn đinh (471, 460(i), 407,466), vitamin (natri ascorbat, A, D3), khoáng chất (natri selenit), hương liệu tổng hợp dùng cho thực phẩm', 'Uống sữa trong những lúc cơ thể cần năng lượng như xế trưa, xế chiều cũng được khuyến khích vì nó giúp bổ sung nguồn dinh dưỡng mà chúng ta đang thiếu hụt.', 'Vinamilk', 'Lốc Sữa Vinamiulk 100% 180ml', 'Vì sữa thanh trùng cần được bảo quản kỹ càng hơn nên phù hợp khi sử dụng ở nhà hoặc ở môi trường có tủ lạnh. Ngược lại, sữa tươi tiệt trùng có thể sử dụng mọi lúc mọi nơi như lúc đi học, đi làm hay đi chơi.', 245000, 188, '2022-03-12', 1, 164);
INSERT INTO product_sprint_two.products (id, bonus_sale, brand_product, detail_product, flag_product, img_product, ingredient_product, instruction_product, manufacture_product, name_product, preservation_product, price_product, quality_product, release_date, type_product_id, total_sold) VALUES (11, 0.02, 'TH Milk', 'Dòng sữa TH true MILK ít đường lấy nguồn sữa từ đàn bò được nuôi ở trang trại tươi sạch và luôn ứng dụng các công nghệ tiên tiến trên thế giới vào quy trình sản xuất của nhà TH.', 0, 'https://down-vn.img.susercontent.com/file/vn-11134207-7qukw-ljo8n24ctj4267', 'Sữa hoàn toàn từ sữa bò tươi (96%), đường (3,8%), hỗn hợp chất nhũ hóa và chất ổn định (E471, E407, E412)', 'Sản phẩm cho 1 lần uống,lắc đều trước khi sử dụng.lắc đều trước khi sử dụng,ngon hơn khi uống lạnh,ngon hơn khi uống lạnh.', 'TH Milk', 'Thùng 48 hộp sữa tươi tiệt trùng TH true MILK ít đường 110 ml (từ 1 tuổi)', 'Bảo quản nơi khô ráo, thoáng mát, tránh ánh nắng trực tiếp.', 285000, 147, '2023-02-10', 1, 83);
INSERT INTO product_sprint_two.products (id, bonus_sale, brand_product, detail_product, flag_product, img_product, ingredient_product, instruction_product, manufacture_product, name_product, preservation_product, price_product, quality_product, release_date, type_product_id, total_sold) VALUES (12, 0, 'Ensure', 'Abbott là thương hiệu sữa thuộc công ty Abbot Nutrition của Mỹ, chuyên sản phẩm dinh dưỡng dành cho trẻ em, người lớn tuổi, là một trong những thương hiệu được tin cậy nhất trên thế giới', 0, 'https://down-vn.img.susercontent.com/file/sg-11134201-23010-ljtuqc4nixlv14', 'Tinh bột bắp thuỷ phân, sucrose, DẦU THỰC VẬT (dầu hướng dương giàu oleic, dầu đậu nành, dầu hạt cải', 'Không chứa Gluten và Lactose. Không dùng cho người bệnh galactosemia. Không dùng qua đường tĩnh mạch.', 'Abot', 'Thùng 24 chai Ensure nước Original Vani 237ml date 9/2024', 'Ở nhiệt độ phòng. Khi đã mở, phải sử dụng ngay, phần chưa sử dụng phải đậy kín, cho vào tủ lạnh và dùng trong vòng 24 giờ', 970000, 49, '2023-06-29', 1, 61);
INSERT INTO product_sprint_two.products (id, bonus_sale, brand_product, detail_product, flag_product, img_product, ingredient_product, instruction_product, manufacture_product, name_product, preservation_product, price_product, quality_product, release_date, type_product_id, total_sold) VALUES (13, 0.02, 'Bánh Oreo', 'Đây được xem là thế hệ kế tiếp của Orion đã cho ra đời một Thanh Oreo Wahas Stick Choco thơm ngon, hấp dẫn tạo nên một sự khác lạ thu hút người tiêu dùng.Thanh Oreo Wahas Stick White có dạng thanh với lớp kem chocolate bên ngoài chỉ cần cắn một cái bạn sẽ có thể cảm nhận ngay lập tức vị vanili ngọt thơm mềmSản phẩm được chế biến từ nguyên liệu chất lượng thông qua lựa chọn kỹ càng, đảm bảo mang đến người tiêu dùng những chiếc bánh chất lượng, đảm bảo an toàn vệ sinh thực phẩm.', 0, 'https://down-vn.img.susercontent.com/file/vn-11134207-7r98o-ll7ql8k5ob0od5', 'Năng lượng: 67 kcal.Chất béo: 2.8g.Protein: 0.6g.Độ bão hòa chất béo: 1.4g.Chất xơ: 0.3g.Sodium (natri): 71mg.Cholesterol: 0mg.Gluxit: 9.8g.', 'Ăn trực tiếp', 'Mỹ', 'Bánh Oreo Pie Blackpink 360g vị marshmallow', 'bảo quản nơi khô ráo, tránh ánh nắng trực tiếp', 46000, 60, '2023-06-18', 2, 8);
INSERT INTO product_sprint_two.products (id, bonus_sale, brand_product, detail_product, flag_product, img_product, ingredient_product, instruction_product, manufacture_product, name_product, preservation_product, price_product, quality_product, release_date, type_product_id, total_sold) VALUES (14, 0.01, 'Bánh Kinh Đô', 'Với mỗi người Việt Nam, Tết Trung Thu là dịp quý giá để người lớn chúng ta cùng về bên gia đình. Là dịp để trẻ con thóa thích rước đèn vui đùa cùng chúng bạn dưới ánh trăng rằm sáng trong, là dịp để thắt chặt tình bằng hữu, nghĩa tâm giao khi ta cẩn thận chọn từng hộp bánh đẹp nhất, ngon nhất tặng bạn bè, người thân, đối tác ... Và bánh trung thu là món bánh không thể thiếu trong những phút giây đong đầy tinh thần đó.', 0, 'https://down-vn.img.susercontent.com/file/vn-11134201-7r98o-llf33sdm3ao847', 'nguyên liệu thượng hạng mà còn là sự tinh tuyển khắt khe cho từng trái trứng muối, từng hạt đậu, hạt sen ... ', 'Ăn trực tiếp', 'Kinh đô', '"Team Hạt Sen Đậu Đỏ" - Hộp 2 bánh trung thu Kinh Đô', 'bảo quản nơi khô ráo, tránh ánh nắng trực tiếp', 140000, 147, '2023-09-09', 2, 23);
INSERT INTO product_sprint_two.products (id, bonus_sale, brand_product, detail_product, flag_product, img_product, ingredient_product, instruction_product, manufacture_product, name_product, preservation_product, price_product, quality_product, release_date, type_product_id, total_sold) VALUES (15, 0, 'Aquafina', 'Aquafina là nhãn hiệu nước uống hàng đầu Việt Nam với hành trình lan tỏa câu chuyện đầy cảm hứng về vị ngon của sự tinh khiết của nước. Sản phẩm được xử lý qua quy trình lọc Hydro – 7 , quy trình này bao gồm công nghệ thẩm thấu ngược cùng một số bước lọc khác nhằm loạt bỏ triệt để khoáng, vi khuẩn và các tạp chất trong nước. Nhờ đó, tạo nên sản phẩm nước tinh khiết hoàn hảo với hương vị tươi mới hoàn toàn khác biệt.', 0, 'https://nuocaquafina.com.vn/wp-content/uploads/2019/07/Thung-Aquafina-355ml-1-1.jpeg', 'Công thức i-Hydr8 độc đáo, ưu việt, bổ sung muối khoáng (Na+, K+) và các vitamin nhóm B (B3, B6, B12), giúp bù nước vượt trội, bù khoáng và bù đắp năng lượng, cho bạn trở lại cuộc vui năng động.', 'Uống trực tiếp', 'Việt Nam', '1 Thùng 24 Chai Revive và 1 Thùng 24 Aquafina (500ml/chai)', ' Bạn chỉ cần để ở nơi khô ráo và thoáng mát, tránh nơi có nhiệt độ cao và đặc biệt không để tiếp xúc trực tiếp với ánh nắng mặt trời. Khi chưa sử dụng hết, cần đóng nắp kín và bảo quản ở nhiệt độ thường hoặc tủ mát có nhiệt độ từ 5 -10 độ C', 320000, 66, '2022-09-08', 1, 84);
INSERT INTO product_sprint_two.products (id, bonus_sale, brand_product, detail_product, flag_product, img_product, ingredient_product, instruction_product, manufacture_product, name_product, preservation_product, price_product, quality_product, release_date, type_product_id, total_sold) VALUES (16, 0.03, 'LAVIE', 'Nước chiếm tới 75% trong cơ thể con người và đóng vai trò hết sức quan trọng trong việc đảm bảo cho cơ thể hoạt động hiệu quả và khỏe mạnh. Cơ thể con người không thể thiếu nước. Việc Uống 8 – 10 ly nước mỗi ngày sẽ giúp cơ thể hoạt động hiệu quả hơn gấp 30%. Sự mất nước của da sẽ khiến da bị khô hoặc có thể xuất hiện thêm nhiều nếp nhăn trên da. Nước khoáng Lavie bổ sung oxy cho cơ bắp của bạn, hỗ trợ cơ bắp hoạt động hiệu quả và bền bỉ. Nước khiến dạ dày cảm thấy đầy do lượng calo từ nước bạn uống vì thế bạn sẽ cảm thấy no lâu hơn. Khi muốn giảm cân bạn hãy uống nhiều nước hơn bình thường nhé! Thành Phần có trong nước khoáng Lavie', 0, 'https://down-vn.img.susercontent.com/file/vn-11134207-7qukw-lh7hefyf0hrn8e', 'Công thức i-Hydr8 độc đáo, ưu việt, bổ sung muối khoáng (Na+, K+) và các vitamin nhóm B (B3, B6, B12), giúp bù nước vượt trội, bù khoáng và bù đắp năng lượng, cho bạn trở lại cuộc vui năng động.', 'Uống trực tiếp', 'Việt Nam', 'Thùng Lavie 500ml ( 24 chai )', 'Bạn chỉ cần để ở nơi khô ráo và thoáng mát, tránh nơi có nhiệt độ cao và đặc biệt không để tiếp xúc trực tiếp với ánh nắng mặt trời. Khi chưa sử dụng hết, cần đóng nắp kín và bảo quản ở nhiệt độ thường hoặc tủ mát có nhiệt độ từ 5 -10 độ C', 100000, 56, '2022-09-15', 1, 14);
INSERT INTO product_sprint_two.products (id, bonus_sale, brand_product, detail_product, flag_product, img_product, ingredient_product, instruction_product, manufacture_product, name_product, preservation_product, price_product, quality_product, release_date, type_product_id, total_sold) VALUES (17, 0.05, 'AFC', 'Mondelez International biết rằng ăn vặt là một phần thiết yếu trong thói quen hàng ngày của bạn và vì vậy sứ mệnh của chúng tôi là nâng cấp trải nghiệm ăn vặt của bạn hơn bao giờ hết. Đa dạng các món ngọt, chua, cay, nóng được tuyển chọn cẩn thận của chúng tôi đảm bảo rằng bạn luôn có thứ gì đó ngon miệng để ăn bất kỳ lúc nào. Giờ đây, hãy vui vẻ thưởng thức khoai tây chiên, socola, bánh quy và các món ăn nhẹ khác của chúng tôi được làm một cách có ý thức bằng cách sử dụng nguyên liệu bền vững nhất.
Được thành lập vào năm 1993, Kinh Đô là một doanh nghiệp kinh doanh đồ ăn vặt nổi tiếng tại Việt Nam được mọi người yêu thích và tin tưởng. Bánh quy giòn AFC của Kinh Đô là món ăn được lòng những tín đồ ăn vặt ở mọi lứa tuổi. Bạn không có thời gian để chuẩn bị một bữa ăn nhẹ lành mạnh? Giờ thì đơn giản chỉ cần mở gói bánh quy AFC và thưởng thức những chiếc bánh quy rau củ giòn rụm và thơm ngon này.', 0, 'https://down-vn.img.susercontent.com/file/sg-11134201-7qvep-ljybkdoy7mwnd4', 'Bánh quy rau củ AFC được bổ sung các chất dinh dưỡng thiết yếu như canxi, chất xơ, vitamin và khoáng chất khác', 'Ăn trực tiếp', 'Việt Nam', 'Bánh Quy Rau Củ AFC ', 'Bảo quản nơi khô ráo, thoáng mát. Tránh xa ánh nắng mặt trời.', 50000, 60, '2023-08-19', 2, 60);
INSERT INTO product_sprint_two.products (id, bonus_sale, brand_product, detail_product, flag_product, img_product, ingredient_product, instruction_product, manufacture_product, name_product, preservation_product, price_product, quality_product, release_date, type_product_id, total_sold) VALUES (18, 0, 'LU', 'Bánh quy bơ thập cẩm công thức Pháp LU 540g
Bánh quy bơ Pháp giòn rụm, thơm ngon và chứa nhiều dưỡng chất cho cơ thể. Bánh quy bơ thập cẩm công thức Pháp LU gói tiện lợi, kích thích vị giác với sữa béo, tạo nên sự ngon miệng khi ăn. Bánh LU chứa hàm lượng canxi cao giúp xương chắc khỏe và chứa chất xơ giúp hỗ trợ tiêu hóa. Sản phẩm được đóng hộp đẹp mắt, tiện lợi và dễ dàng sử dụng, hoặc mang theo khi đi làm, đi dã ngoại,....
Với bao bì thiết kế sang trọng, bánh LU Pháp là lựa chọn phù hợp để biếu tặng cho nhiều dịp, làm hộp quà Tết, quà tặng Tết cho những ngư', 0, 'https://down-vn.img.susercontent.com/file/vn-11134201-7r98o-llbk9rkrmvg684', 'bột mì, bơ, đường, v.v.', 'Ăn trực tiếp', 'Việt Nam', '[Bánh LU540] BÁNH QUY BƠ THẬP CẨM LU PHÁP 540G', 'Bảo quản nơi khô ráo, thoáng mát.', 265000, 30, '2023-09-10', 2, 80);
INSERT INTO product_sprint_two.products (id, bonus_sale, brand_product, detail_product, flag_product, img_product, ingredient_product, instruction_product, manufacture_product, name_product, preservation_product, price_product, quality_product, release_date, type_product_id, total_sold) VALUES (19, 0.01, 'GOUTE ', 'Bánh Goute Orion Mè Giòn Tan là sản phẩm bánh cao cấp của thương hiệu Orion với các thành phần nguyên liệu có chất lượng hảo hạng như bột mì, đường, dầu dừa, cơm dừa sấy, hạt mè, sữa bột nguyên kem, muối, bột phô mai… Khi thưởng thức, bạn sẽ cảm nhận được nhiều hương vị hài hòa trong cùng một sản phẩm mà ban đầu là vị ngọt dịu nơi đầu lưỡi, vị thơm bùi đến sau và vị mặn dịu nhẹ nơi cuống họng rất hấp dẫn.', 0, 'https://down-vn.img.susercontent.com/file/sg-11134201-22110-kl0rjant9kjva9', 'Thành phần nguyên liệu có chất lượng hảo hạng như bột mì, đường, dầu dừa, cơm dừa sấy, hạt mè, sữa bột nguyên kem, muối, bột phô mai… ', 'Ăn trực tiếp', 'Vệt Nam', 'BÁNH GOUTE Thùng 24 Hộp', 'Bảo quản nơi khô ráo, thoáng mát.', 500000, 60, '2022-07-15', 2, 70);
INSERT INTO product_sprint_two.products (id, bonus_sale, brand_product, detail_product, flag_product, img_product, ingredient_product, instruction_product, manufacture_product, name_product, preservation_product, price_product, quality_product, release_date, type_product_id, total_sold) VALUES (20, 0, 'Bánh Goody', 'Sự vượt trội của bộ sản phẩm Goody còn thể hiện qua thiết kế bao bì cực kỳ độc đáo, với những hoạ tiết hoa văn được dập nổi rất tinh tế và ấn tượng đã tạo ra dòng sản phẩm sang trọng, đẳng cấp, góp phần làm cho món quà Xuân của bạn thêm sinh động và ý nghĩa hơn.', 0, 'https://down-vn.img.susercontent.com/file/vn-11134207-7qukw-ljthxl0il8uab1', 'Thành phần nguyên liệu có chất lượng hảo hạng như bột mì, đường, dầu dừa, cơm dừa sấy, hạt mè, sữa bột nguyên kem, muối, bột phô mai… ', 'Ăn trực tiếp', 'Việt Nam', 'Bánh Goody Cao Cấp Bibica hộp thiếc 454g', 'Bảo quản hoặc trưng bày ở nơi khô ráo, thoáng mát, tránh ánh nắng trực tiếp.', 1380000, 60, '2023-09-20', 2, 60);
INSERT INTO product_sprint_two.products (id, bonus_sale, brand_product, detail_product, flag_product, img_product, ingredient_product, instruction_product, manufacture_product, name_product, preservation_product, price_product, quality_product, release_date, type_product_id, total_sold) VALUES (21, 0.05, 'Bánh Danisa', 'Cung cấp nhiều dưỡng chất thiết yếu cho cơ thể, đặc biệt là các chất hữu ích như canxi làm chắc xương, chất sắt giúp phát triển trí tuệ, chất xơ hỗ trợ hệ tiêu hóa. Sản phẩm giòn, hình dạng theo khuôn, không vỡ vụn, không lẫn tạp chất lạ. Màu vàng đặc trưng, mùi thơm, vị ngọt đặc trưng .
Thiết kế hộp thiếc sang trọng, thích hợp làm quà biếu mỗi dịp lễ tết Sản xuất trên dây chuyền công nghệ hiện đại của Indonesia', 0, 'https://down-vn.img.susercontent.com/file/bacffe8bb2966de76300bbd9ce38fa2c', 'Thành phần nguyên liệu có chất lượng hảo hạng như bột mì, đường, dầu dừa, cơm dừa sấy, hạt mè, sữa bột nguyên kem, muối, bột phô mai… ', 'Ăn trực tiếp', 'Indonesia', 'Bánh Danisa hộp sắt 200g, 454g, 681g, 908g( sp có kèm túi xách)', 'Bảo quản hoặc trưng bày ở nơi khô ráo, thoáng mát, tránh ánh nắng trực tiếp.', 600000, 90, '2022-06-18', 2, 16);
INSERT INTO product_sprint_two.products (id, bonus_sale, brand_product, detail_product, flag_product, img_product, ingredient_product, instruction_product, manufacture_product, name_product, preservation_product, price_product, quality_product, release_date, type_product_id, total_sold) VALUES (22, 0.06, 'BÁNH LAVA ', 'BÁNH LAVA NHÂN CHẢY BIBIZAN 540GR,Cả mùa em chỉ nhớ nhung lava trứng chảy này mà thôiiiii.Bánh mua chuẩn chính hãng  tmall, date mới nhất. Nhanh thì còn, chậm thì còn mà còn tiếc nuối thui ạ ', 0, 'https://down-vn.img.susercontent.com/file/vn-11134207-7r98o-lkvujzq207vh24', 'Thành phần nguyên liệu có chất lượng hảo hạng như bột mì, đường, dầu dừa, cơm dừa sấy, hạt mè, sữa bột nguyên kem, muối, bột phô mai… ', 'Ăn trực tiếp', 'Đài Loan', 'BÁNH LAVA NHÂN CHẢY BIBIZAN 540GR', 'Bảo quản hoặc trưng bày ở nơi khô ráo, thoáng mát, tránh ánh nắng trực tiếp.', 700000, 150, '2023-09-18', 2, 80);
INSERT INTO product_sprint_two.products (id, bonus_sale, brand_product, detail_product, flag_product, img_product, ingredient_product, instruction_product, manufacture_product, name_product, preservation_product, price_product, quality_product, release_date, type_product_id, total_sold) VALUES (23, 0, 'Bánh MonCake', 'Thương hiệu Bảo Ngọc được ra đời từ năm 1986 với tiền thân là một tiệm bánh ngọt đến năm 1989 thì phát triển thành cơ sở sản xuất bánh ngọt Bảo Ngọc. Năm 2012 chuyển thành công ty cổ phần đầu tư sản xuất Bảo Ngọc, năm 2021 chính thức niêm yết cổ phiểu trên sàn giao dịch chứng khoán Hà Nội. Với sứ mệnh sản xuất thực phẩm có hàm lượng dinh dưỡng cao Bảo Ngọc có tầm nhìn trở thành tập đoàn đa quốc gia với nhiều công ty thành viên hoạt động trong lĩnh vực nuôi trồng chế biến thực phẩm, đồ uống...', 0, 'https://down-vn.img.susercontent.com/file/vn-11134207-7r98o-llh86ljqm0tyd0', 'Thành phần nguyên liệu có chất lượng hảo hạng như bột mì, đường, dầu dừa, cơm dừa sấy, hạt mè, sữa bột nguyên kem, muối, bột phô mai… ', 'Ăn trực tiếp', 'Việt Nam', 'Thùng bánh trung thu Bảo Ngọc trăng hàn hộp 2 bánh BN01,BD06 Thùng 4 bánh BN31,BN51,BD07,BD08', 'Bảo quản hoặc trưng bày ở nơi khô ráo, thoáng mát, tránh ánh nắng trực tiếp.', 450000, 80, '2023-08-19', 2, 100);
INSERT INTO product_sprint_two.products (id, bonus_sale, brand_product, detail_product, flag_product, img_product, ingredient_product, instruction_product, manufacture_product, name_product, preservation_product, price_product, quality_product, release_date, type_product_id, total_sold) VALUES (24, 0.08, 'Bánh Kinh Đô', 'Tiếp nối sự thành công của mọi năm, năm nay Andanfood lại được vinh dự trở thành Đại lý Top 1 của Kinh Đô Việt Nam.
Chúng tôi luôn cam kết đem đến tận tay Quý khách những chiếc bánh thơm ngon và hạn sử dụng mới nhất mỗi ngày từ xưởng sản xuất Kinh Đô', 0, 'https://down-vn.img.susercontent.com/file/cc7c53630a800ed4248c48cf4b5a54bb', 'Bánh Trung Thu Kinh Đô - Nướng Thập Cẩm , Đậu Xanh , Hạt Sen , Gà Quay , Xá Xíu , Sữa Dừa , Hạt Dưa , Đậu Đỏ Quà Tặng', 'Ăn trực tiếp', 'Việt Nam', 'Bánh Trung Thu Kinh Đô - Trứng Nướng Thập Cẩm , Đậu Xanh , Hạt Sen , Gà Quay , Xá Xíu , Sữa Dừa , Hạt Dưa , Đậu Đỏ', 'Bảo quản hoặc trưng bày ở nơi khô ráo, thoáng mát, tránh ánh nắng trực tiếp.', 750000, 90, '2023-09-25', 2, 60);
INSERT INTO product_sprint_two.products (id, bonus_sale, brand_product, detail_product, flag_product, img_product, ingredient_product, instruction_product, manufacture_product, name_product, preservation_product, price_product, quality_product, release_date, type_product_id, total_sold) VALUES (25, 0, 'CLEAR', 'SẠCH GÀU KHÔNG KHÓ, CÓ CLEAR MÁT LẠNH BẠC HÀ Thời tiết nóng ẩm cùng khói bụi là nguyên nhân chính gây ra gàu, khiến bạn mất tự tin. Đã có Dầu gội Sạch Gàu CLEAR Mát Lạnh Bạc Hà với công thức 3X Sức mạnh giúp bạn đánh bay gàu. ngứa và vi khuẩn.Với khả năng thẩm thấm nhanh và sâu trong da đầu nhờ vitamin B3 cùng glycerin, Dầu gội Sạch Gàu CLEAR Mát Lạnh Bạc Hà nuôi dưỡng da đầu hiệu quả, sạch gàu, không gây cảm giác khô cho da đầu.Đặc biệt hơn, Dầu gội Sạch Gàu CLEAR Mát Lạnh Bạc Hà đem lại cảm giác mát lạnh cùng hương thơm tươi mát ngay lần đầu sử dụng với hiệu quả sạch gàu, nhờn với hiệu quả trông thấy.', 0, 'https://down-vn.img.susercontent.com/file/2f28b4711145ced4fb65df938899d121', 'Vitamin B3 và Glycerin kết hợp tạo nên một lớp bảo vệ hoàn hảo cho tóc khỏi khói bụi và thời tiết ẩm.', 'Cho một lượng nhỏ vào lòng bàn tay,Dùng bàn tay xoa nhẹ nhàng lên đầu,Bước 3: Gội sạch với nước.', 'Anh', 'Dầu Gội Clear Sạch Gàu 1.4kg Mát Lạnh Bạc Hà 3x Sức Mạnh Đánh Bay Gàu, Ngứa, Vi Khuẩn', 'Nơi thoáng mát, tránh ánh nắng trực tiếp', 800000, 20, '2021-09-17', 3, 20);
INSERT INTO product_sprint_two.products (id, bonus_sale, brand_product, detail_product, flag_product, img_product, ingredient_product, instruction_product, manufacture_product, name_product, preservation_product, price_product, quality_product, release_date, type_product_id, total_sold) VALUES (26, 0.01, 'Sunsilk', 'DẦU GỘI SUNSILK MỀM MƯỢT DIỆU KỲ
Với dầu hoa trà my và Công nghệ khóa ẩm, cho mái tóc mềm mượt suốt ngày dài, chẳng ngại nắng gió', 0, 'https://down-vn.img.susercontent.com/file/vn-11134207-7qukw-lkd8j660fijs37', 'Với dầu hoa trà my và Công nghệ khóa ẩm, cho mái tóc mềm mượt suốt ngày dài, chẳng ngại nắng gió', 'Làm ướt tóc.Lấy một lượng dầu gội vừa đủ, thoa đều lên tóc ướt. Xoa bóp nhẹ nhàng và gội sạch với nước.Gội thôi chưa đủ, để phát huy hiệu quả vượt trội của dầu gội.', 'Việt Nam', 'Thùng Dầu Gội Sunsilk 900g', 'Nơi thoáng mát, tránh ánh nắng trực tiếp', 900000, 60, '2022-01-19', 3, 16);
INSERT INTO product_sprint_two.products (id, bonus_sale, brand_product, detail_product, flag_product, img_product, ingredient_product, instruction_product, manufacture_product, name_product, preservation_product, price_product, quality_product, release_date, type_product_id, total_sold) VALUES (27, 0.08, 'X-MEN', 'Thông tin thương hiệu: Nerman là thương hiệu mỹ phẩm dành riêng cho nam giới được xây dựng dựa trên những phản hồi tích cực của khách hàng và những kiến thức chăm sóc da khoa học, điều đó đã giúp duy trì những điều cốt lõi trong sản phẩm cũng như sự phát triển của chúng tôi. Chúng tôi hiểu rằng sự cần thiết của việc chăm sóc da và chúng tôi sẽ giữ được lời hứa của mình. Bạn sẽ hoàn toàn cảm thấy yên tâm khi sử dụng và mua chúng.', 0, 'https://down-vn.img.susercontent.com/file/vn-11134201-7qukw-lfxbq6w9z2p631', ' Water, sodium laureth sulfate, cocamidopropyl betaine, dimethicone, glycerin, glycol distearate, PEG-7 glyceryl cocoate, perfume, sodium lactate,... ', 'Làm ướt tóc.Lấy một lượng dầu gội vừa đủ, thoa đều lên tóc ướt. Xoa bóp nhẹ nhàng và gội sạch với nước.Gội thôi chưa đủ, để phát huy hiệu quả vượt trội của dầu gội.', 'Việt Nam', 'Sữa tắm gội hương nước hoa cao cấp 350ml & Gel vệ sinh nam 100ml', 'Nơi thoáng mát, tránh ánh nắng trực tiếp', 850000, 40, '2022-02-29', 3, 50);
INSERT INTO product_sprint_two.products (id, bonus_sale, brand_product, detail_product, flag_product, img_product, ingredient_product, instruction_product, manufacture_product, name_product, preservation_product, price_product, quality_product, release_date, type_product_id, total_sold) VALUES (28, 0, 'Yến Dinh Dưỡng', 'Các ngự y thời xưa tin rằng cũng như khoa học ngày nay đã chứng minh: Tổ yến là món ăn giúp bồi bổ trí lực, cải thiện vóc dáng và có khả năng cải lão hoàn đồng, giữ mãi nét thanh xuân. Thưởng thức Tổ yến cũng là một nét ẩm thực hết sức tao nhã và tinh tế: một chút thanh mát, nhẹ nhàng hòa quyện cùng các nguyên liệu bổ dưỡng khác tạo nên món ăn khó quên.', 0, 'https://bizweb.dktcdn.net/100/344/969/products/ngu-coc-2.jpg?v=1681210156773', 'Bột kem không sữa (11g/25g), vảy ngũ cốc (8g/25g) (bao gồm lúa mì, bắp, gạo, chiết xuất lúa mạch), đường tinh luyện, muối I-ốt, canxi cacbonat, tổ yến sấy thăng hoa (25mg/25g), các vitamin (D3, K2, B1, B2, B6, B12).', 'Không dùng cho trẻ em dưới 3 tuổi. Không dùng sản phẩm hết hạn và có hiện tượng lạ. Không dùng cho người dị ứng với các thành phần trong sản phẩm.', 'Việt Nam', 'NGŨ CỐC YẾN DINH DƯỠNG THÙNG 10 GÓI', 'Để sản phẩm nơi khô ráo, thoáng mát, tránh ánh nắng trực tiếp.', 600000, 100, '2023-09-06', 5, 60);
INSERT INTO product_sprint_two.products (id, bonus_sale, brand_product, detail_product, flag_product, img_product, ingredient_product, instruction_product, manufacture_product, name_product, preservation_product, price_product, quality_product, release_date, type_product_id, total_sold) VALUES (29, 0.03, 'Cháo Yến ', 'Cháo ăn liền là thực phẩm vừa tiện dụng, hợp vệ sinh và còn bổ sung nhiều dinh dưỡng cần thiết. Hiểu được những lợi ích mà thực phẩm này mang đến, Khánh Hòa NutriKidgrow đã cho ra đời sản phẩm Cháo Dinh Dưỡng Tổ Yến Cao Cấp Vị Cá Hồi & Tôm Bổ Sung Vitamin K2 sử dụng ba nguồn nguyên liệu chính là tổ yến vị thịt tôm, cá hồi và rau củ quả bổ sung nhiều chất dinh dưỡng cần thiết cho cơ thể.

Nhờ công nghệ sản xuất vượt trội, Cháo Dinh Dưỡng Tổ Yến Cao Cấp Vị Cá Hồi & Tôm Bổ Sung Vitamin K2 của NutriKidgrow là loại cháo có hàm lượng dinh dưỡng cao nhất trên thị trường hiện nay nhờ được bổ sung thêm Vitamin K2 cho hệ xương chắc khỏe. Sản phẩm được chế biến từ những hạt gạo dẻo thơm chọn lọc, kết hợp Tổ yến, túi thịt cá hồi & tôm thật và rau củ sấy thăng hoa cùng hành phi một nắng thơm nứt mũi. Sản phẩm bổ dưỡng thích hợp cho mọi đối tượng sử dụng hằng ngày đặc biệt là trẻ em để cơ thể phát triển khỏe mạnh và cao lớn hơn.', 0, 'https://down-vn.img.susercontent.com/file/vn-11134207-7qukw-lh4lyjgf3p4j24', 'Muối I-ốt, đường tinh luyện, bột sườn heo, bột tỏi, bột tiêu, bột tôm (11.9 g/kg), bột cá hồi (0.18 g/kg), bột chiết xuất nấm men, Canxi Carbonate, Vitamin K2 (MK7), rong biển sấy.', 'Pha nước sôi ,thưởng thức.', 'Việt Nam', 'Cháo Dinh Dưỡng Tổ Yến Vị Cá Hồi & Tôm Bổ Sung K2 -Khánh Hòa Nutrifoods (Thùng 30Gói)', 'Để sản phẩm nơi khô ráo, thoáng mát, tránh ánh nắng trực tiếp.', 300000, 60, '2022-12-19', 5, 70);
INSERT INTO product_sprint_two.img_product (id, img_products, product_id) VALUES (1, 'https://down-vn.img.susercontent.com/file/vn-11134201-23030-69gixctb27nvca', 1);
INSERT INTO product_sprint_two.img_product (id, img_products, product_id) VALUES (2, 'https://down-vn.img.susercontent.com/file/vn-11134201-23030-zynhhdtb27nvab', 1);
INSERT INTO product_sprint_two.img_product (id, img_products, product_id) VALUES (3, 'https://down-vn.img.susercontent.com/file/sg-11134201-22110-3v02jivyc6jvb5', 1);
INSERT INTO product_sprint_two.img_product (id, img_products, product_id) VALUES (4, 'https://down-vn.img.susercontent.com/file/vn-11134207-7r98o-ll7ql8k5ob0od5', 13);
INSERT INTO product_sprint_two.img_product (id, img_products, product_id) VALUES (5, 'https://down-vn.img.susercontent.com/file/vn-11134207-7r98o-ll7ql8k5ppl476', 13);
INSERT INTO product_sprint_two.img_product (id, img_products, product_id) VALUES (6, 'https://down-vn.img.susercontent.com/file/f26079e1a8841e4926a9bb97788de5de', 2);
INSERT INTO product_sprint_two.img_product (id, img_products, product_id) VALUES (7, 'https://down-vn.img.susercontent.com/file/515d269110d983686a69f82e9074cd58', 2);
INSERT INTO product_sprint_two.img_product (id, img_products, product_id) VALUES (8, 'https://down-vn.img.susercontent.com/file/vn-11134207-7qukw-lk9ho67y5aqwc7', 2);
INSERT INTO product_sprint_two.img_product (id, img_products, product_id) VALUES (9, 'https://down-vn.img.susercontent.com/file/sg-11134201-22110-sj01fpfhhhjvbc', 3);
INSERT INTO product_sprint_two.img_product (id, img_products, product_id) VALUES (10, 'https://down-vn.img.susercontent.com/file/sg-11134201-22110-h2tuzpfhhhjv7b', 3);
INSERT INTO product_sprint_two.img_product (id, img_products, product_id) VALUES (11, 'https://down-vn.img.susercontent.com/file/sg-11134201-22110-gx3y2nfhhhjv16', 3);
INSERT INTO product_sprint_two.img_product (id, img_products, product_id) VALUES (12, 'https://down-vn.img.susercontent.com/file/vn-11134207-7qukw-li2v32fd8xcib5', 4);
INSERT INTO product_sprint_two.img_product (id, img_products, product_id) VALUES (13, 'https://down-vn.img.susercontent.com/file/sg-11134201-22110-9f6r5qpv70jvdd', 4);
INSERT INTO product_sprint_two.img_product (id, img_products, product_id) VALUES (14, 'https://down-vn.img.susercontent.com/file/sg-11134201-22110-j3jciqov70jv5a', 4);
INSERT INTO product_sprint_two.img_product (id, img_products, product_id) VALUES (15, 'https://down-vn.img.susercontent.com/file/vn-11134207-7qukw-lj54b00d04ia0f', 5);
INSERT INTO product_sprint_two.img_product (id, img_products, product_id) VALUES (16, 'https://down-vn.img.susercontent.com/file/vn-11134207-7qukw-lj54b00d1j2q53', 5);
INSERT INTO product_sprint_two.img_product (id, img_products, product_id) VALUES (17, 'https://down-vn.img.susercontent.com/file/0d6520b3d7a3dccacfc8fce1f6d73110', 5);
INSERT INTO product_sprint_two.img_product (id, img_products, product_id) VALUES (18, 'https://down-vn.img.susercontent.com/file/sg-11134201-22110-2wz8oclv70jv97', 6);
INSERT INTO product_sprint_two.img_product (id, img_products, product_id) VALUES (19, 'https://down-vn.img.susercontent.com/file/sg-11134201-22110-x6fjislv70jv12', 6);
INSERT INTO product_sprint_two.img_product (id, img_products, product_id) VALUES (20, 'https://down-vn.img.susercontent.com/file/sg-11134201-22110-vmmwgklv70jv52', 6);
INSERT INTO product_sprint_two.img_product (id, img_products, product_id) VALUES (21, 'https://down-vn.img.susercontent.com/file/sg-11134201-22120-s9ewafb38llva6', 7);
INSERT INTO product_sprint_two.img_product (id, img_products, product_id) VALUES (22, 'https://down-vn.img.susercontent.com/file/sg-11134201-22110-3so5zsov70jvae', 7);
INSERT INTO product_sprint_two.img_product (id, img_products, product_id) VALUES (23, 'https://down-vn.img.susercontent.com/file/sg-11134201-22110-af8rueov70jvaf', 7);
INSERT INTO product_sprint_two.img_product (id, img_products, product_id) VALUES (24, 'https://bizweb.dktcdn.net/100/433/790/products/tra-xanh-khong-do-vi-chanh-thung-24-chai-455ml.jpg?v=1629457991160', 8);
INSERT INTO product_sprint_two.img_product (id, img_products, product_id) VALUES (25, 'https://foryou.com.vn/SalesUploads/128/10052018/6bbed961-8ddb-4e52-b90d-89da87e6849a.jpg', 8);
INSERT INTO product_sprint_two.img_product (id, img_products, product_id) VALUES (26, 'https://drinkocany.com/wp-content/uploads/2022/10/tra-xanh-khong-do-bao-nhieu-calo-1-1024x576.jpg', 8);
INSERT INTO product_sprint_two.img_product (id, img_products, product_id) VALUES (27, 'https://down-vn.img.susercontent.com/file/7ac0a57169969bcdcb552bbc54cf83aa', 9);
INSERT INTO product_sprint_two.img_product (id, img_products, product_id) VALUES (28, 'https://down-vn.img.susercontent.com/file/8e0991a406ef28635c159782a5a5cbc9', 9);
INSERT INTO product_sprint_two.img_product (id, img_products, product_id) VALUES (29, 'https://down-vn.img.susercontent.com/file/274da7d2dd7c1003f4ec45f9305b8c13', 9);
INSERT INTO product_sprint_two.img_product (id, img_products, product_id) VALUES (30, 'https://cdn.tgdd.vn/Products/Images/2386/85844/bhx/thung-48-hop-sua-tuoi-co-duong-vinamilk-180ml-202303081030410745.jpg', 10);
INSERT INTO product_sprint_two.img_product (id, img_products, product_id) VALUES (31, 'https://product.hstatic.net/1000010000/product/sua_tuoi_tiet_trung_vinamilk_100__coduong_-_loc_4_hop_x_180ml.jpg', 10);
INSERT INTO product_sprint_two.img_product (id, img_products, product_id) VALUES (32, 'https://data-service.pharmacity.io/pmc-upload-media/production/pmc-ecm-core/products/P19143_1.jpg', 10);
INSERT INTO product_sprint_two.img_product (id, img_products, product_id) VALUES (33, 'https://bizweb.dktcdn.net/100/443/377/products/7b56acbac1b6a6d70330e281cb9ea438-1678254665695.jpg?v=1678639611720', 11);
INSERT INTO product_sprint_two.img_product (id, img_products, product_id) VALUES (34, 'https://cdn.tgdd.vn/Products/Images/2386/85853/bhx/thung-48-hop-sua-tuoi-tiet-trung-it-duong-th-true-milk-180ml-202306170847275414_300x300.jpg', 11);
INSERT INTO product_sprint_two.img_product (id, img_products, product_id) VALUES (35, 'https://cdn.tgdd.vn/Products/Images/2386/85876/thung-48-hop-sua-tuoi-tiet-trung-it-duong-th-true-milk-110ml-040323-114508-600x600.jpg', 11);
INSERT INTO product_sprint_two.img_product (id, img_products, product_id) VALUES (36, 'https://down-vn.img.susercontent.com/file/7109a3c641b1aca1a0585acf0b13b7cb', 12);
INSERT INTO product_sprint_two.img_product (id, img_products, product_id) VALUES (37, 'https://down-vn.img.susercontent.com/file/vn-11134207-7qukw-lgreep24784z0b', 12);
INSERT INTO product_sprint_two.img_product (id, img_products, product_id) VALUES (38, 'https://img.websosanh.vn/v2/users/root_product/images/sua-nuoc-ensure-original-/0jzm3nnc8my28.jpg', 12);
INSERT INTO product_sprint_two.img_product (id, img_products, product_id) VALUES (39, 'https://down-vn.img.susercontent.com/file/vn-11134201-7r98o-llf34y116hme4d', 13);
INSERT INTO product_sprint_two.img_product (id, img_products, product_id) VALUES (40, 'https://down-vn.img.susercontent.com/file/vn-11134201-7r98o-llf33sdm3ao847', 14);
INSERT INTO product_sprint_two.img_product (id, img_products, product_id) VALUES (41, 'https://down-vn.img.susercontent.com/file/vn-11134201-7r98o-llf33sf042q090', 14);
INSERT INTO product_sprint_two.img_product (id, img_products, product_id) VALUES (42, 'https://down-vn.img.susercontent.com/file/vn-11134201-7r98o-llf33sfa3oaeaa', 14);
INSERT INTO product_sprint_two.img_product (id, img_products, product_id) VALUES (43, 'https://down-vn.img.susercontent.com/file/vn-11134207-7qukw-li71jsqn7kr600', 15);
INSERT INTO product_sprint_two.img_product (id, img_products, product_id) VALUES (44, 'https://down-vn.img.susercontent.com/file/vn-11134207-7qukw-ljmhgy4ynsms83', 15);
INSERT INTO product_sprint_two.img_product (id, img_products, product_id) VALUES (45, 'https://down-vn.img.susercontent.com/file/vn-11134207-7qukw-ljmhgy4zip4kaf', 15);
INSERT INTO product_sprint_two.img_product (id, img_products, product_id) VALUES (46, 'https://down-vn.img.susercontent.com/file/vn-11134207-7qukw-lh7hefyf0hrn8e', 16);
INSERT INTO product_sprint_two.img_product (id, img_products, product_id) VALUES (47, 'https://down-vn.img.susercontent.com/file/vn-11134207-7qukw-lh7hefyp03027d', 16);
INSERT INTO product_sprint_two.img_product (id, img_products, product_id) VALUES (48, 'https://down-vn.img.susercontent.com/file/vn-11134207-7qukw-lh7hefyp1hki4f', 16);
INSERT INTO product_sprint_two.img_product (id, img_products, product_id) VALUES (49, 'https://down-vn.img.susercontent.com/file/sg-11134201-7qvdd-ljybke0vrkqc0f', 17);
INSERT INTO product_sprint_two.img_product (id, img_products, product_id) VALUES (50, 'https://down-vn.img.susercontent.com/file/sg-11134201-7qvfd-ljybkednabd100', 17);
INSERT INTO product_sprint_two.img_product (id, img_products, product_id) VALUES (51, 'https://down-vn.img.susercontent.com/file/sg-11134201-7qvfo-ljybken2tp8l1e', 17);
INSERT INTO product_sprint_two.img_product (id, img_products, product_id) VALUES (52, 'https://down-vn.img.susercontent.com/file/vn-11134207-7qukw-lgesn22087sadf', 18);
INSERT INTO product_sprint_two.img_product (id, img_products, product_id) VALUES (53, 'https://down-vn.img.susercontent.com/file/vn-11134207-7qukw-lgesn2209mcq37', 18);
INSERT INTO product_sprint_two.img_product (id, img_products, product_id) VALUES (54, 'https://down-vn.img.susercontent.com/file/vn-11134207-7qukw-lgesn220f8mi46', 18);
INSERT INTO product_sprint_two.img_product (id, img_products, product_id) VALUES (56, 'https://down-vn.img.susercontent.com/file/sg-11134201-22110-5bqp2tst9kjv2a', 19);
INSERT INTO product_sprint_two.img_product (id, img_products, product_id) VALUES (57, 'https://down-vn.img.susercontent.com/file/sg-11134201-22110-kl0rjant9kjva9', 19);
INSERT INTO product_sprint_two.img_product (id, img_products, product_id) VALUES (58, 'https://down-vn.img.susercontent.com/file/sg-11134201-22110-sa6y2cvt9kjvd7', 19);
INSERT INTO product_sprint_two.img_product (id, img_products, product_id) VALUES (59, 'https://down-vn.img.susercontent.com/file/vn-11134207-7qukw-ljthxl0il8uab1', 20);
INSERT INTO product_sprint_two.img_product (id, img_products, product_id) VALUES (60, 'https://down-vn.img.susercontent.com/file/sg-11134201-22110-eedvx0gt1pjvdf', 20);
INSERT INTO product_sprint_two.img_product (id, img_products, product_id) VALUES (61, 'https://down-vn.img.susercontent.com/file/sg-11134201-22110-n8rrzo5y2pjvff', 20);
INSERT INTO product_sprint_two.img_product (id, img_products, product_id) VALUES (62, 'https://down-vn.img.susercontent.com/file/d1ef819b8453c47be4ec0c5a10da618d', 21);
INSERT INTO product_sprint_two.img_product (id, img_products, product_id) VALUES (63, 'https://down-vn.img.susercontent.com/file/b327b717e86ece1ab42178982402f858', 21);
INSERT INTO product_sprint_two.img_product (id, img_products, product_id) VALUES (64, 'https://down-vn.img.susercontent.com/file/85cb54cbfc8280ad1f1498ba97dc7a51', 21);
INSERT INTO product_sprint_two.img_product (id, img_products, product_id) VALUES (65, 'https://down-vn.img.susercontent.com/file/vn-11134207-7r98o-lkvujzq207vh24', 22);
INSERT INTO product_sprint_two.img_product (id, img_products, product_id) VALUES (66, 'https://down-vn.img.susercontent.com/file/vn-11134207-7r98o-lkvujzps0mvfb0', 22);
INSERT INTO product_sprint_two.img_product (id, img_products, product_id) VALUES (67, 'https://down-vn.img.susercontent.com/file/vn-11134207-7r98o-llkuoluo1y2k48', 22);
INSERT INTO product_sprint_two.img_product (id, img_products, product_id) VALUES (68, 'https://down-vn.img.susercontent.com/file/83fa282e0837bdac0dca150f39fbdb1c', 23);
INSERT INTO product_sprint_two.img_product (id, img_products, product_id) VALUES (69, 'https://down-vn.img.susercontent.com/file/bc0be850b8e6d5b01c2358a155345eda', 23);
INSERT INTO product_sprint_two.img_product (id, img_products, product_id) VALUES (70, 'https://down-vn.img.susercontent.com/file/2edeca78f8a3976229ae82c7aa507ffc', 23);
INSERT INTO product_sprint_two.img_product (id, img_products, product_id) VALUES (71, 'https://down-vn.img.susercontent.com/file/bdb8855efb94123dc890f40fc561c3c2', 24);
INSERT INTO product_sprint_two.img_product (id, img_products, product_id) VALUES (72, 'https://down-vn.img.susercontent.com/file/595a7418016122eac45b2373d20286c2', 24);
INSERT INTO product_sprint_two.img_product (id, img_products, product_id) VALUES (73, 'https://down-vn.img.susercontent.com/file/c539c811d09efb3a3e3ba4bfb3e15ec3', 24);
INSERT INTO product_sprint_two.img_product (id, img_products, product_id) VALUES (74, 'https://down-vn.img.susercontent.com/file/2f28b4711145ced4fb65df938899d121', 25);
INSERT INTO product_sprint_two.img_product (id, img_products, product_id) VALUES (75, 'https://down-vn.img.susercontent.com/file/d99670452dadc2aa2f1eaf9af1e64d45', 25);
INSERT INTO product_sprint_two.img_product (id, img_products, product_id) VALUES (76, 'https://down-vn.img.susercontent.com/file/77b2cd4ab55b728afe7406a8269316eb', 25);
INSERT INTO product_sprint_two.img_product (id, img_products, product_id) VALUES (77, 'https://down-vn.img.susercontent.com/file/vn-11134201-7qukw-leq1ypgl7p9u90', 26);
INSERT INTO product_sprint_two.img_product (id, img_products, product_id) VALUES (78, 'https://down-vn.img.susercontent.com/file/vn-11134201-7qukw-leq1z1edqrozb2', 26);
INSERT INTO product_sprint_two.img_product (id, img_products, product_id) VALUES (79, 'https://down-vn.img.susercontent.com/file/d043e84f5bc0522a399f5df717da0fa5', 26);
INSERT INTO product_sprint_two.img_product (id, img_products, product_id) VALUES (80, 'https://down-vn.img.susercontent.com/file/vn-11134201-7qukw-lfxbq6w9z2p631', 27);
INSERT INTO product_sprint_two.img_product (id, img_products, product_id) VALUES (81, 'https://down-vn.img.susercontent.com/file/vn-11134207-7r98o-llvyq8lmf27396', 27);
INSERT INTO product_sprint_two.img_product (id, img_products, product_id) VALUES (82, 'https://down-vn.img.susercontent.com/file/vn-11134207-7r98o-llvyq8lmdnmnff', 27);
INSERT INTO product_sprint_two.img_product (id, img_products, product_id) VALUES (83, 'https://down-vn.img.susercontent.com/file/vn-11134207-7qukw-lflyr4tmx4skc3', 28);
INSERT INTO product_sprint_two.img_product (id, img_products, product_id) VALUES (84, 'https://down-vn.img.susercontent.com/file/vn-11134207-7qukw-lflyr4tmubno7b', 28);
INSERT INTO product_sprint_two.img_product (id, img_products, product_id) VALUES (85, 'https://down-vn.img.susercontent.com/file/vn-11134207-7qukw-lflyr4tmx4skc3', 28);
INSERT INTO product_sprint_two.img_product (id, img_products, product_id) VALUES (86, 'https://down-vn.img.susercontent.com/file/sg-11134201-22110-c8kpz56r8qjva5', 29);
INSERT INTO product_sprint_two.img_product (id, img_products, product_id) VALUES (87, 'https://down-vn.img.susercontent.com/file/vn-11134207-7qukw-lezar36l2tzr6f', 29);
INSERT INTO product_sprint_two.img_product (id, img_products, product_id) VALUES (88, 'https://down-vn.img.susercontent.com/file/sg-11134201-22110-l18jlksg7qjvef', 29);
INSERT INTO product_sprint_two.roles (id, name_role) VALUES (1, 'ROLE_USER');
INSERT INTO product_sprint_two.roles (id, name_role) VALUES (2, 'ROLE_ADMIN');
INSERT INTO product_sprint_two.account (id, email, password, role_id) VALUES (1, 'nguyenanhnhan95@gmail.com', '$2a$12$ah9xloO2zuUAnI4HzbUDbup70ttf7uPuy3Eq18zcyHv6nBO3E21/m', 1);
INSERT INTO product_sprint_two.account (id, email, password, role_id) VALUES (2, 'nguyenanhvu@gmail.com', '$2a$12$ah9xloO2zuUAnI4HzbUDbup70ttf7uPuy3Eq18zcyHv6nBO3E21/m', 2);
INSERT INTO product_sprint_two.account (id, email, password, role_id) VALUES (4, 'nguyendinhkhoa@gmail.com', '$2a$10$I.uCVaNFadMqDPrk87TJROWRPfPnrZhI3yt2WbwLFS6wgQWO/ZrJK', 1);
INSERT INTO product_sprint_two.account (id, email, password, role_id) VALUES (6, 'nguyenquanghuy@gmail.com', '$2a$10$jt7740LrI/SRa2HIbElxG.382JxfTHAeloJWVm9jp5YIcoQt7T/oe', 1);
INSERT INTO product_sprint_two.account (id, email, password, role_id) VALUES (7, 'nguyendinhthoi@gmail.com', '$2a$10$ftqpNS8BD6iLsg4lWUczzO1NBnUH3.EZah.9xXmaaRQctf39zPnma', 1);
INSERT INTO product_sprint_two.account (id, email, password, role_id) VALUES (8, 'levanthai@gmail.com', '$2a$10$40Bo0vrBBFLiKNvZlZukBOzQWJoDuumNHXhV9UOnoMkxTwbRxgbG6', 1);
INSERT INTO product_sprint_two.account (id, email, password, role_id) VALUES (9, 'trandinhngocsang@gmail.com', '$2a$10$q8yqhBi45YR7wUD1jR6X7uqTluFbU9qbRz8LKhUq/FmfZXl.A4zc2', 1);
INSERT INTO product_sprint_two.account (id, email, password, role_id) VALUES (10, 'levanhung@gmail.com', '$2a$10$.QHoSBYDLHY/y.ZNfSp66.tHXfd0Uj4fXcUv0X3NPmIssdgeA/5wK', 1);
INSERT INTO product_sprint_two.users (id, address_user, birth_user, email_user, flag_user, gender_user, id_card_user, img_user, name_user, phone_user, account_id, accumulated_points) VALUES (1, 'Hòa Tiến-Hòa VANG-TP Đà Nẵng', '1995-07-29', 'nguyenanhnhan95@gmail.com', 0, true, '125474584682', 'https://toigingiuvedep.vn/wp-content/uploads/2021/07/mau-anh-the-dep-nam.jpeg', 'Nguyễn Anh Nhàn', '0125468571', 1, 6);
INSERT INTO product_sprint_two.users (id, address_user, birth_user, email_user, flag_user, gender_user, id_card_user, img_user, name_user, phone_user, account_id, accumulated_points) VALUES (2, 'Lệ Sơn-Hòa Vang-TP Đà Nẵng', '1994-05-16', 'nguyenanhvu@gmail.com', 0, true, '152468574816', 'https://studiochupanhdep.com/Upload/Images/Album/anh-the-2024.jpg', 'Nguyễn Anh Vũ', '0125249172', 2, 0);
INSERT INTO product_sprint_two.users (id, address_user, birth_user, email_user, flag_user, gender_user, id_card_user, img_user, name_user, phone_user, account_id, accumulated_points) VALUES (4, 'Cẩm Lệ - Đà Nẵng', '1997-04-15', 'nguyendinhkhoa@gmail.com', 0, true, '1525746857', 'https://facebookninja.vn/wp-content/uploads/2023/06/anh-dai-dien-mac-dinh-zalo.jpg', 'Nguyễn Đình Khoa', '0152475486', 4, 2.6);
INSERT INTO product_sprint_two.users (id, address_user, birth_user, email_user, flag_user, gender_user, id_card_user, img_user, name_user, phone_user, account_id, accumulated_points) VALUES (6, 'Hòa Cường-Cẩm Lệ-Đà Nẵng', '1997-01-01', 'nguyenquanghuy@gmail.com', 0, true, '152468271015', 'https://facebookninja.vn/wp-content/uploads/2023/06/anh-dai-dien-mac-dinh-zalo.jpg', 'Nguyễn Quan Huy', '0915426842', 6, 13);
INSERT INTO product_sprint_two.users (id, address_user, birth_user, email_user, flag_user, gender_user, id_card_user, img_user, name_user, phone_user, account_id, accumulated_points) VALUES (7, 'Hòa Liên-Hòa Vang-TP Đà Nẵng', '1998-12-28', 'nguyendinhthoi@gmail.com', 0, true, '105426842579', 'https://facebookninja.vn/wp-content/uploads/2023/06/anh-dai-dien-mac-dinh-zalo.jpg', 'Nguyễn Đình Thới', '0984527491', 7, 2);
INSERT INTO product_sprint_two.users (id, address_user, birth_user, email_user, flag_user, gender_user, id_card_user, img_user, name_user, phone_user, account_id, accumulated_points) VALUES (8, 'Hương An-Quê Sơn-Quảng Nam', '1996-12-15', 'levanthai@gmail.com', 0, true, '102546857214', 'https://facebookninja.vn/wp-content/uploads/2023/06/anh-dai-dien-mac-dinh-zalo.jpg', 'Lê Văn Thái', '096875457', 8, 1);
INSERT INTO product_sprint_two.users (id, address_user, birth_user, email_user, flag_user, gender_user, id_card_user, img_user, name_user, phone_user, account_id, accumulated_points) VALUES (9, 'Điện Biên Phủ-Liên Chiểu-Đà Nẵng', '1998-05-12', 'trandinhngocsang@gmail.com', 0, true, '1054628574', 'https://facebookninja.vn/wp-content/uploads/2023/06/anh-dai-dien-mac-dinh-zalo.jpg', 'Trần Đình Ngọc Sang', '0945874628', 9, 1);
INSERT INTO product_sprint_two.users (id, address_user, birth_user, email_user, flag_user, gender_user, id_card_user, img_user, name_user, phone_user, account_id, accumulated_points) VALUES (10, 'Lê Trúc Lân-Sơn Trà-Đà Nẵng', '1998-12-19', 'levanhung@gmail.com', 0, true, '10524682746', 'https://facebookninja.vn/wp-content/uploads/2023/06/anh-dai-dien-mac-dinh-zalo.jpg', 'Lê Văn Hưng', '0946857164', 10, 1);
INSERT INTO product_sprint_two.status_order (id, name_status) VALUES (1, 'Chờ xác nhận');
INSERT INTO product_sprint_two.status_order (id, name_status) VALUES (2, 'Đang giao');
INSERT INTO product_sprint_two.status_order (id, name_status) VALUES (3, 'Hoàn Thành');
INSERT INTO product_sprint_two.status_order (id, name_status) VALUES (4, 'Đã hủy');
INSERT INTO product_sprint_two.status_order (id, name_status) VALUES (5, 'Trả hàng/Hoàn tiền');
INSERT INTO product_sprint_two.orders (id, date_order, flag_order, note_order, status_order_id, users_id, total_price) VALUES (124, '2023/09/21', 0, '', 1, 7, 1461200);
INSERT INTO product_sprint_two.orders (id, date_order, flag_order, note_order, status_order_id, users_id, total_price) VALUES (125, '2023/09/21', 0, '', 1, 7, 1559550);
INSERT INTO product_sprint_two.orders (id, date_order, flag_order, note_order, status_order_id, users_id, total_price) VALUES (126, '2023/09/21', 0, '', 1, 8, 1385800);
INSERT INTO product_sprint_two.orders (id, date_order, flag_order, note_order, status_order_id, users_id, total_price) VALUES (127, '2023-09-21', 0, '', 1, 9, 1280000);
INSERT INTO product_sprint_two.orders (id, date_order, flag_order, note_order, status_order_id, users_id, total_price) VALUES (128, '2023/09/21', 0, '', 1, 9, 1093000);
INSERT INTO product_sprint_two.orders (id, date_order, flag_order, note_order, status_order_id, users_id, total_price) VALUES (129, '2023/09/21', 0, '', 1, 10, 600000);
INSERT INTO product_sprint_two.orders (id, date_order, flag_order, note_order, status_order_id, users_id, total_price) VALUES (130, '2023-09-21', 0, '', 2, 1, 600000);
INSERT INTO product_sprint_two.orders (id, date_order, flag_order, note_order, status_order_id, users_id, total_price) VALUES (131, '2023-09-21', 0, '', 2, 1, 600000);
INSERT INTO product_sprint_two.orders (id, date_order, flag_order, note_order, status_order_id, users_id, total_price) VALUES (133, '2023-09-21', 0, '', 1, 1, 1800000);
INSERT INTO product_sprint_two.order_detail (id, number_detail, status_booking, order_id, product_id) VALUES (101, 4, 0, 124, 10);
INSERT INTO product_sprint_two.order_detail (id, number_detail, status_booking, order_id, product_id) VALUES (102, 3, 0, 124, 9);
INSERT INTO product_sprint_two.order_detail (id, number_detail, status_booking, order_id, product_id) VALUES (103, 1, 0, 125, 2);
INSERT INTO product_sprint_two.order_detail (id, number_detail, status_booking, order_id, product_id) VALUES (104, 4, 0, 125, 1);
INSERT INTO product_sprint_two.order_detail (id, number_detail, status_booking, order_id, product_id) VALUES (105, 3, 0, 126, 14);
INSERT INTO product_sprint_two.order_detail (id, number_detail, status_booking, order_id, product_id) VALUES (106, 1, 0, 126, 12);
INSERT INTO product_sprint_two.order_detail (id, number_detail, status_booking, order_id, product_id) VALUES (107, 4, 0, 127, 15);
INSERT INTO product_sprint_two.order_detail (id, number_detail, status_booking, order_id, product_id) VALUES (108, 4, 0, 128, 16);
INSERT INTO product_sprint_two.order_detail (id, number_detail, status_booking, order_id, product_id) VALUES (109, 5, 0, 128, 7);
INSERT INTO product_sprint_two.order_detail (id, number_detail, status_booking, order_id, product_id) VALUES (110, 4, 0, 129, 4);
INSERT INTO product_sprint_two.order_detail (id, number_detail, status_booking, order_id, product_id) VALUES (111, 4, 0, 130, 4);
INSERT INTO product_sprint_two.order_detail (id, number_detail, status_booking, order_id, product_id) VALUES (112, 4, 0, 131, 4);
INSERT INTO product_sprint_two.order_detail (id, number_detail, status_booking, order_id, product_id) VALUES (113, 3, 0, 133, 5);
